{
  "runtimeOptions": {
    "tfm": "net9.0",
    "includedFrameworks": [
      {
        "name": "Microsoft.NETCore.App",
        "version": "9.0.8"
      },
      {
        "name": "Microsoft.WindowsDesktop.App",
        "version": "9.0.8"
      }
    ],
    "configProperties": {
      "System.GC.Server": true,
      "System.GC.Concurrent": true,
      "System.GC.RetainVM": true,
      "System.Runtime.Serialization.EnableUnsafeBinaryFormatterSerialization": false,
      "System.Reflection.Metadata.MetadataUpdater.IsSupported": false,
      "CSWINRT_USE_WINDOWS_UI_XAML_PROJECTIONS": false
    }
  }
}